{"verts":[-2.90154,33.255005,-0.776899,0.000021,33.588936,0.000576,-2.601447,33.255005,-1.501387,-1.501936,33.255005,-2.600898,0.000021,33.588936,0.000576,-0.777448,33.255005,-2.90099,0.777495,33.255005,-2.90099,0.000021,33.588936,0.000576,1.501983,33.255005,-2.600898,2.601494,33.255005,-1.501387,0.000021,33.588936,0.000576,2.901587,33.255005,-0.776899,2.901587,33.255005,0.778045,0.000021,33.588936,0.000576,2.601494,33.255005,1.502533,1.501983,33.255005,2.602043,0.000021,33.588936,0.000576,0.777495,33.255005,2.902136,-0.777448,33.255005,2.902136,0.000021,33.588936,0.000576,-1.501936,33.255005,2.602043,-2.601446,33.255005,1.502532,0.000021,33.588936,0.000576,-2.901539,33.255005,0.778044],"normals":[-0.2532,0.9674,0.0006,0,1,0,-0.1785,0.9674,-0.1795,-0.1795,0.9674,-0.1785,0,1,0,0.0006,0.9674,-0.2532,-0.0006,0.9674,-0.2532,0,1,0,0.1795,0.9674,-0.1785,0.1785,0.9674,-0.1795,0,1,0,0.2532,0.9674,0.0006,0.2532,0.9674,-0.0006,0,1,0,0.1785,0.9674,0.1795,0.1795,0.9674,0.1785,0,1,0,-0.0006,0.9674,0.2532,0.0006,0.9674,0.2532,0,1,0,-0.1795,0.9674,0.1785,-0.1785,0.9674,0.1795,0,1,0,-0.2532,0.9674,-0.0006],"texcoords":[0.475103,0.43832899999999997,0.499992,0.444998,0.477677,0.432114,0.487108,0.42268300000000003,0.499992,0.444998,0.493323,0.42010899999999995,0.506661,0.42010899999999995,0.499992,0.444998,0.512875,0.42268300000000003,0.522307,0.432114,0.499992,0.444998,0.524881,0.43832899999999997,0.524881,0.45166700000000004,0.499992,0.444998,0.522307,0.457881,0.512875,0.467313,0.499992,0.444998,0.506661,0.46988700000000005,0.493323,0.46988700000000005,0.499992,0.444998,0.487108,0.467313,0.477677,0.457881,0.499992,0.444998,0.475103,0.45166700000000004],"indices":[0,1,2,3,4,5,6,7,8,9,10,11,12,13,14,15,16,17,18,19,20,21,22,23]}